{
	"class_name" : "PinholeCameraParameters",
	"extrinsic" : 
	[
		-0.26672654567565773,
		-0.01282602334694998,
		-0.96368690089522069,
		0.0,
		0.96355254149104286,
		-0.024898341057541629,
		-0.26635797791456256,
		0.0,
		-0.020577891487795954,
		-0.99960770592152104,
		0.018999595896509586,
		0.0,
		-3107.670035007372,
		303.2457818041579,
		3307.9917630438717,
		1.0
	],
	"intrinsic" : 
	{
		"height" : 512,
		"intrinsic_matrix" : 
		[
			443.40500673763262,
			0.0,
			0.0,
			0.0,
			443.40500673763262,
			0.0,
			306.5,
			255.5,
			1.0
		],
		"width" : 614
	},
	"version_major" : 1,
	"version_minor" : 0
}