{
	"class_name" : "PinholeCameraParameters",
	"extrinsic" : 
	[
		0.99636582214546177,
		0.034771604381109059,
		-0.077756568784648566,
		0.0,
		0.074133383589792337,
		0.095537247767955483,
		0.99266151115395485,
		0.0,
		0.041945081927764229,
		-0.99481836021340508,
		0.092612311732216374,
		0.0,
		-2262.843291874487,
		-325.77489110977086,
		-3618.8400024865814,
		1.0
	],
	"intrinsic" : 
	{
		"height" : 730,
		"intrinsic_matrix" : 
		[
			632.19854476264027,
			0.0,
			0.0,
			0.0,
			632.19854476264027,
			0.0,
			413.0,
			364.5,
			1.0
		],
		"width" : 827
	},
	"version_major" : 1,
	"version_minor" : 0
}