{
	"class_name" : "PinholeCameraParameters",
	"extrinsic" : 
	[
		-0.65503930506926844,
		0.0034350512639151759,
		-0.75558699647173944,
		0.0,
		0.75555867318036474,
		-0.0068014393121179151,
		-0.65504567154146631,
		0.0,
		-0.0073891945634786691,
		-0.99997097000167856,
		0.0018598273052102372,
		0.0,
		-1703.4240933438066,
		139.41328489977641,
		4268.2719223753702,
		1.0
	],
	"intrinsic" : 
	{
		"height" : 730,
		"intrinsic_matrix" : 
		[
			632.19854476264027,
			0.0,
			0.0,
			0.0,
			632.19854476264027,
			0.0,
			413.0,
			364.5,
			1.0
		],
		"width" : 827
	},
	"version_major" : 1,
	"version_minor" : 0
}