{
	"class_name" : "PinholeCameraParameters",
	"extrinsic" : 
	[
		-0.981819099681707,
		0.00089281668821790134,
		0.1898169075150147,
		0.0,
		-0.18977838102405584,
		0.016071065522539122,
		-0.9816954145501845,
		0.0,
		-0.0039270340068169457,
		-0.99987045347451464,
		-0.015609441776623829,
		0.0,
		3085.2588276206766,
		128.31603984985406,
		3861.0851353338371,
		1.0
	],
	"intrinsic" : 
	{
		"height" : 512,
		"intrinsic_matrix" : 
		[
			443.40500673763262,
			0.0,
			0.0,
			0.0,
			443.40500673763262,
			0.0,
			306.5,
			255.5,
			1.0
		],
		"width" : 614
	},
	"version_major" : 1,
	"version_minor" : 0
}