{
	"class_name" : "PinholeCameraParameters",
	"extrinsic" : 
	[
		0.15564663298901782,
		-0.075614157241318411,
		0.98491452667927859,
		0.0,
		-0.98772691364332865,
		0.0012344937889710269,
		0.15618585111881828,
		0.0,
		-0.013025732371220379,
		-0.99713638748657163,
		-0.074493993358009589,
		0.0,
		3443.9699569056538,
		371.25679062212021,
		-2567.5959749391518,
		1.0
	],
	"intrinsic" : 
	{
		"height" : 512,
		"intrinsic_matrix" : 
		[
			443.40500673763262,
			0.0,
			0.0,
			0.0,
			443.40500673763262,
			0.0,
			306.5,
			255.5,
			1.0
		],
		"width" : 614
	},
	"version_major" : 1,
	"version_minor" : 0
}