{
	"class_name" : "ViewTrajectory",
	"interval" : 29,
	"is_loop" : false,
	"trajectory" : 
	[
		{
			"boundingbox_max" : [ 5866.0, 4356.0, 5893.0 ],
			"boundingbox_min" : [ -4971.0, -2143.0, -5943.0 ],
			"field_of_view" : 60.0,
			"front" : [ -0.21661150251206926, -0.29796565605102976, 0.92967517165596258 ],
			"lookat" : [ 452.48277210756157, 996.67093925994038, 12.023595220887978 ],
			"up" : [ -0.040881394294566879, 0.95421760350376028, 0.29630639001559284 ],
			"zoom" : 0.080000000000000002
		}
	],
	"version_major" : 1,
	"version_minor" : 0
}