{
	"class_name" : "ViewTrajectory",
	"interval" : 29,
	"is_loop" : false,
	"trajectory" : 
	[
		{
			"boundingbox_max" : [ 5118.0, 6142.0, 191.0 ],
			"boundingbox_min" : [ 0.0, 1478.0, 0.0 ],
			"field_of_view" : 60.0,
			"front" : [ 0.31316399376561216, -0.92834777745367458, 0.20024664068491771 ],
			"lookat" : [ 2559.0, 3810.0, 95.5 ],
			"up" : [ -0.041863590706893113, 0.19715357901586908, 0.97947838467949833 ],
			"zoom" : 0.02
		}
	],
	"version_major" : 1,
	"version_minor" : 0
}