{
	"class_name" : "ViewTrajectory",
	"interval" : 29,
	"is_loop" : false,
	"trajectory" : 
	[
		{
			"boundingbox_max" : [ 5866.0, 4356.0, 5893.0 ],
			"boundingbox_min" : [ -4971.0, -2143.0, -5943.0 ],
			"field_of_view" : 60.0,
			"front" : [ 0.19756437627491802, -0.029997005648721906, 0.97983085115708279 ],
			"lookat" : [ 353.41198358312596, 493.3979893877862, 1000.6542126798309 ],
			"up" : [ -0.015939609851667664, 0.99930126356970073, 0.033807003206081959 ],
			"zoom" : 0.02
		}
	],
	"version_major" : 1,
	"version_minor" : 0
}