{
	"class_name" : "ViewTrajectory",
	"interval" : 29,
	"is_loop" : false,
	"trajectory" : 
	[
		{
			"boundingbox_max" : [ 6143.0, 5119.0, 255.0 ],
			"boundingbox_min" : [ 0.0, 0.0, 0.0 ],
			"field_of_view" : 60.0,
			"front" : [ -0.0084519467167027389, -0.89947217725180806, 0.43689628854751128 ],
			"lookat" : [ 1634.9376707580986, 2656.9145266303708, 172.96573706724283 ],
			"up" : [ 0.012897772986086062, 0.43677748987625997, 0.89947711020869958 ],
			"zoom" : 0.12000000000000001
		}
	],
	"version_major" : 1,
	"version_minor" : 0
}